Origin,Destination,Distance
Ahrweiler,Altenkirchen,56.16565974699578
Ahrweiler,Alzey-Worms,111.4794997937789
Ahrweiler,Bad Durkheim,134.0613539344816
Ahrweiler,Bad Kreuznach,91.56439548530358
Ahrweiler,Bernkastel-Wittlich,56.948501573034505
Ahrweiler,Birkenfeld,82.21969626512374
Ahrweiler,Bitburg-Prum,62.23573376623436
Ahrweiler,Cochem-Zell,35.75086525893013
Ahrweiler,Donnersbergkreis,109.88376063015616
Ahrweiler,Germersheim,166.86941926389318
Ahrweiler,Kaiserslautern,122.25514835342896
Ahrweiler,Kusel,103.51893100540654
Ahrweiler,Mainz-Bingen,98.91108708298032
Ahrweiler,Mayen-Koblenz,25.215453539233355
Ahrweiler,Neuwied,35.91868471181784
Ahrweiler,Rhein-Hunsruck,57.92731773708923
Ahrweiler,Rhein-Lahn-Kreis,63.377881077077184
Ahrweiler,Rhein-Pfalz-Kreis,145.73068843673497
Ahrweiler,Sudliche Weinstr.,129.76948781637492
Ahrweiler,Sudwestpfalz,142.61507362360285
Ahrweiler,Trier-Saarburg,85.24980290839441
Ahrweiler,Vulkaneifel,26.80345888727102
Ahrweiler,Westerwaldkreis,62.45921067759988
Ahrweiler,KS Frankenthal,139.25511406397837
Ahrweiler,KS Kaiserslautern,122.25514835342896
Ahrweiler,KS Koblenz,43.13074704520908
Ahrweiler,KS Landau i.d.Pf.,158.05020142750945
Ahrweiler,KS Ludwigshafen,148.0843616584537
Ahrweiler,KS Mainz,102.3780184067094
Ahrweiler,KS Neustadt a.d.W.,144.98207568315485
Ahrweiler,KS Pirmasens,144.30583807406663
Ahrweiler,KS Speyer,160.17217248262074
Ahrweiler,KS Trier,81.4232194442308
Ahrweiler,KS Worms,131.41419369174045
Ahrweiler,KS Zweibrucken,134.86752566375407
Altenkirchen,Ahrweiler,56.16565974699578
Altenkirchen,Alzey-Worms,111.71405109930141
Altenkirchen,Bad Durkheim,139.9790962960921
Altenkirchen,Bad Kreuznach,98.81885471797553
Altenkirchen,Bernkastel-Wittlich,101.51420829573105
Altenkirchen,Birkenfeld,113.9423939296444
Altenkirchen,Bitburg-Prum,117.6636105514614
Altenkirchen,Cochem-Zell,72.33681308876189
Altenkirchen,Donnersbergkreis,120.14722919017487
Altenkirchen,Germersheim,172.7603043945989
Altenkirchen,Kaiserslautern,140.240065783819
Altenkirchen,Kusel,128.71297859654993
Altenkirchen,Mainz-Bingen,95.1651214652145
Altenkirchen,Mayen-Koblenz,49.38261582124323
Altenkirchen,Neuwied,21.877700407905884
Altenkirchen,Rhein-Hunsruck,77.93428851519741
Altenkirchen,Rhein-Lahn-Kreis,50.584258158185264
Altenkirchen,Rhein-Pfalz-Kreis,147.8964640522101
Altenkirchen,Sudliche Weinstr.,138.39800283339906
Altenkirchen,Sudwestpfalz,165.78616843342607
Altenkirchen,Trier-Saarburg,132.34612512777747
Altenkirchen,Vulkaneifel,81.45886951017832
Altenkirchen,Westerwaldkreis,21.426941450982095
Altenkirchen,KS Frankenthal,138.92704697434246
Altenkirchen,KS Kaiserslautern,140.240065783819
Altenkirchen,KS Koblenz,40.44586439682319
Altenkirchen,KS Landau i.d.Pf.,169.67062537311278
Altenkirchen,KS Ludwigshafen,147.2235358663117
Altenkirchen,KS Mainz,89.4445162384904
Altenkirchen,KS Neustadt a.d.W.,153.73321643468554
Altenkirchen,KS Pirmasens,168.05262172619632
Altenkirchen,KS Speyer,162.63290850514107
Altenkirchen,KS Trier,130.44226699574915
Altenkirchen,KS Worms,128.5483913696084
Altenkirchen,KS Zweibrucken,163.90855325220355
Alzey-Worms,Ahrweiler,111.4794997937789
Alzey-Worms,Altenkirchen,111.71405109930141
Alzey-Worms,Bad Durkheim,28.953739657965016
Alzey-Worms,Bad Kreuznach,21.381457219514488
Alzey-Worms,Bernkastel-Wittlich,88.61035589044774
Alzey-Worms,Birkenfeld,62.80583351075393
Alzey-Worms,Bitburg-Prum,129.11269080255227
Alzey-Worms,Cochem-Zell,80.81623779427565
Alzey-Worms,Donnersbergkreis,20.61669286495079
Alzey-Worms,Germersheim,61.063492140440786
Alzey-Worms,Kaiserslautern,43.682160112451584
Alzey-Worms,Kusel,52.131869648273685
Alzey-Worms,Mainz-Bingen,16.82292501724246
Alzey-Worms,Mayen-Koblenz,87.24887610312615
Alzey-Worms,Neuwied,101.69634185277481
Alzey-Worms,Rhein-Hunsruck,55.53354143692141
Alzey-Worms,Rhein-Lahn-Kreis,61.22246606128396
Alzey-Worms,Rhein-Pfalz-Kreis,36.36401184690634
Alzey-Worms,Sudliche Weinstr.,29.489780795427908
Alzey-Worms,Sudwestpfalz,69.95899040925923
Alzey-Worms,Trier-Saarburg,103.97680594797441
Alzey-Worms,Vulkaneifel,110.46152729556005
Alzey-Worms,Westerwaldkreis,92.14079835769334
Alzey-Worms,KS Frankenthal,28.24870713874444
Alzey-Worms,KS Kaiserslautern,43.682160112451584
Alzey-Worms,KS Koblenz,77.13417736071828
Alzey-Worms,KS Landau i.d.Pf.,60.09760637083984
Alzey-Worms,KS Ludwigshafen,37.03793481914016
Alzey-Worms,KS Mainz,29.33481162622549
Alzey-Worms,KS Neustadt a.d.W.,43.37598557399715
Alzey-Worms,KS Pirmasens,72.61785334291119
Alzey-Worms,KS Speyer,51.21135563852813
Alzey-Worms,KS Trier,108.81910423002793
Alzey-Worms,KS Worms,20.040556339328184
Alzey-Worms,KS Zweibrucken,78.76096710138094
Bad Durkheim,Ahrweiler,134.0613539344816
Bad Durkheim,Altenkirchen,139.9790962960921
Bad Durkheim,Alzey-Worms,28.953739657965016
Bad Durkheim,Bad Kreuznach,43.225193823967786
Bad Durkheim,Bernkastel-Wittlich,100.68518854217776
Bad Durkheim,Birkenfeld,69.22946520130542
Bad Durkheim,Bitburg-Prum,140.77885145505573
Bad Durkheim,Cochem-Zell,100.49916730139753
Bad Durkheim,Donnersbergkreis,24.60481486033299
Bad Durkheim,Germersheim,33.35911747142129
Bad Durkheim,Kaiserslautern,30.048251455392275
Bad Durkheim,Kusel,49.843360166283766
Bad Durkheim,Mainz-Bingen,45.74396456112842
Bad Durkheim,Mayen-Koblenz,111.21821210966155
Bad Durkheim,Neuwied,128.60301519773827
Bad Durkheim,Rhein-Hunsruck,76.19588058790028
Bad Durkheim,Rhein-Lahn-Kreis,89.39599666799467
Bad Durkheim,Rhein-Pfalz-Kreis,13.784184060511354
Bad Durkheim,Sudliche Weinstr.,7.245131004223565
Bad Durkheim,Sudwestpfalz,49.404200836577104
Bad Durkheim,Trier-Saarburg,108.10383848860232
Bad Durkheim,Vulkaneifel,128.52480225795247
Bad Durkheim,Westerwaldkreis,120.81596560730586
Bad Durkheim,KS Frankenthal,15.513808374331402
Bad Durkheim,KS Kaiserslautern,30.048251455392275
Bad Durkheim,KS Koblenz,103.76503648257263
Bad Durkheim,KS Landau i.d.Pf.,31.351812836092325
Bad Durkheim,KS Ludwigshafen,20.318884335110123
Bad Durkheim,KS Mainz,57.27566189715369
Bad Durkheim,KS Neustadt a.d.W.,14.530956372994297
Bad Durkheim,KS Pirmasens,51.92388643401855
Bad Durkheim,KS Speyer,26.468242133310238
Bad Durkheim,KS Trier,114.27370925135378
Bad Durkheim,KS Worms,22.08283036469219
Bad Durkheim,KS Zweibrucken,63.280752406624885
Bad Kreuznach,Ahrweiler,91.56439548530358
Bad Kreuznach,Altenkirchen,98.81885471797553
Bad Kreuznach,Alzey-Worms,21.381457219514488
Bad Kreuznach,Bad Durkheim,43.225193823967786
Bad Kreuznach,Bernkastel-Wittlich,67.76148973005692
Bad Kreuznach,Birkenfeld,44.91615042950014
Bad Kreuznach,Bitburg-Prum,108.08679945899877
Bad Kreuznach,Cochem-Zell,59.726309217231936
Bad Kreuznach,Donnersbergkreis,21.328375580503398
Bad Kreuznach,Germersheim,76.5590994791655
Bad Kreuznach,Kaiserslautern,43.14400441303773
Bad Kreuznach,Kusel,41.152703201122485
Bad Kreuznach,Mainz-Bingen,18.9303477490425
Bad Kreuznach,Mayen-Koblenz,68.1379377656795
Bad Kreuznach,Neuwied,85.84224545708744
Bad Kreuznach,Rhein-Hunsruck,34.51341014654654
Bad Kreuznach,Rhein-Lahn-Kreis,48.946451879244734
Bad Kreuznach,Rhein-Pfalz-Kreis,54.209943222188265
Bad Kreuznach,Sudliche Weinstr.,40.22691378728486
Bad Kreuznach,Sudwestpfalz,70.21693128258369
Bad Kreuznach,Trier-Saarburg,85.52242017999792
Bad Kreuznach,Vulkaneifel,89.1968239320677
Bad Kreuznach,Westerwaldkreis,81.19995678160103
Bad Kreuznach,KS Frankenthal,47.860936907173155
Bad Kreuznach,KS Kaiserslautern,43.14400441303773
Bad Kreuznach,KS Koblenz,60.981809292568514
Bad Kreuznach,KS Landau i.d.Pf.,71.1121404930208
Bad Kreuznach,KS Ludwigshafen,56.65108286037997
Bad Kreuznach,KS Mainz,34.39299586845499
Bad Kreuznach,KS Neustadt a.d.W.,55.79953383141929
Bad Kreuznach,KS Pirmasens,72.74502518797807
Bad Kreuznach,KS Speyer,68.79372725019063
Bad Kreuznach,KS Trier,89.73059476531273
Bad Kreuznach,KS Worms,41.162290307109274
Bad Kreuznach,KS Zweibrucken,73.96490771220408
Bernkastel-Wittlich,Ahrweiler,56.948501573034505
Bernkastel-Wittlich,Altenkirchen,101.51420829573105
Bernkastel-Wittlich,Alzey-Worms,88.61035589044774
Bernkastel-Wittlich,Bad Durkheim,100.68518854217776
Bernkastel-Wittlich,Bad Kreuznach,67.76148973005692
Bernkastel-Wittlich,Birkenfeld,33.30775044242578
Bernkastel-Wittlich,Bitburg-Prum,40.614394712097265
Bernkastel-Wittlich,Cochem-Zell,29.43478495156364
Bernkastel-Wittlich,Donnersbergkreis,76.94109731064917
Bernkastel-Wittlich,Germersheim,129.54759115784995
Bernkastel-Wittlich,Kaiserslautern,79.15802361453069
Bernkastel-Wittlich,Kusel,56.64189324691576
Bernkastel-Wittlich,Mainz-Bingen,84.09719974045672
Bernkastel-Wittlich,Mayen-Koblenz,52.13282570693185
Bernkastel-Wittlich,Neuwied,79.96512860480527
Bernkastel-Wittlich,Rhein-Hunsruck,40.703202061040095
Bernkastel-Wittlich,Rhein-Lahn-Kreis,75.91317421409332
Bernkastel-Wittlich,Rhein-Pfalz-Kreis,114.25501892612496
Bernkastel-Wittlich,Sudliche Weinstr.,94.44722836169166
Bernkastel-Wittlich,Sudwestpfalz,93.02905533017763
Bernkastel-Wittlich,Trier-Saarburg,30.867185770679757
Bernkastel-Wittlich,Vulkaneifel,35.90777151408631
Bernkastel-Wittlich,Westerwaldkreis,96.49459922618068
Bernkastel-Wittlich,KS Frankenthal,111.17538890339794
Bernkastel-Wittlich,KS Kaiserslautern,79.15802361453069
Bernkastel-Wittlich,KS Koblenz,66.39691152865774
Bernkastel-Wittlich,KS Landau i.d.Pf.,116.50843497096106
Bernkastel-Wittlich,KS Ludwigshafen,119.21261079225435
Bernkastel-Wittlich,KS Mainz,95.7403920149592
Bernkastel-Wittlich,KS Neustadt a.d.W.,107.37682876398345
Bernkastel-Wittlich,KS Pirmasens,94.18801871335296
Bernkastel-Wittlich,KS Speyer,126.64785268566455
Bernkastel-Wittlich,KS Trier,29.968082859113835
Bernkastel-Wittlich,KS Worms,107.22564087834725
Bernkastel-Wittlich,KS Zweibrucken,81.77112227188402
Birkenfeld,Ahrweiler,82.21969626512374
Birkenfeld,Altenkirchen,113.9423939296444
Birkenfeld,Alzey-Worms,62.80583351075393
Birkenfeld,Bad Durkheim,69.22946520130542
Birkenfeld,Bad Kreuznach,44.91615042950014
Birkenfeld,Bernkastel-Wittlich,33.30775044242578
Birkenfeld,Bitburg-Prum,71.94989325401433
Birkenfeld,Cochem-Zell,47.06743643333597
Birkenfeld,Donnersbergkreis,47.03819542487833
Birkenfeld,Germersheim,96.61130405076459
Birkenfeld,Kaiserslautern,45.89663274522645
Birkenfeld,Kusel,23.382806356748443
Birkenfeld,Mainz-Bingen,63.68952604758265
Birkenfeld,Mayen-Koblenz,67.94455240487926
Birkenfeld,Neuwied,94.63290953394066
Birkenfeld,Rhein-Hunsruck,36.92627651910321
Birkenfeld,Rhein-Lahn-Kreis,74.37819507028895
Birkenfeld,Rhein-Pfalz-Kreis,82.99500830043695
Birkenfeld,Sudliche Weinstr.,62.570033961167674
Birkenfeld,Sudwestpfalz,61.12229767550454
Birkenfeld,Trier-Saarburg,41.17191022660718
Birkenfeld,Vulkaneifel,66.94568853688727
Birkenfeld,Westerwaldkreis,102.80861875114788
Birkenfeld,KS Frankenthal,81.2506742784643
Birkenfeld,KS Kaiserslautern,45.89663274522645
Birkenfeld,KS Koblenz,73.9554029834895
Birkenfeld,KS Landau i.d.Pf.,83.21523069774054
Birkenfeld,KS Ludwigshafen,88.68908026643537
Birkenfeld,KS Mainz,78.3576862752398
Birkenfeld,KS Neustadt a.d.W.,74.61939374372793
Birkenfeld,KS Pirmasens,62.58634704224936
Birkenfeld,KS Speyer,94.52206622080719
Birkenfeld,KS Trier,46.257363485391146
Birkenfeld,KS Worms,79.16674662248009
Birkenfeld,KS Zweibrucken,52.77278043259419
Bitburg-Prum,Ahrweiler,62.23573376623436
Bitburg-Prum,Altenkirchen,117.6636105514614
Bitburg-Prum,Alzey-Worms,129.11269080255227
Bitburg-Prum,Bad Durkheim,140.77885145505573
Bitburg-Prum,Bad Kreuznach,108.08679945899877
Bitburg-Prum,Bernkastel-Wittlich,40.614394712097265
Bitburg-Prum,Birkenfeld,71.94989325401433
Bitburg-Prum,Cochem-Zell,57.617391954456856
Bitburg-Prum,Donnersbergkreis,117.37517349642053
Bitburg-Prum,Germersheim,168.41979693636088
Bitburg-Prum,Kaiserslautern,117.35811393593026
Bitburg-Prum,Kusel,94.31542040199919
Bitburg-Prum,Mainz-Bingen,123.65757670779972
Bitburg-Prum,Mayen-Koblenz,73.19700922402676
Bitburg-Prum,Neuwied,96.2624671911062
Bitburg-Prum,Rhein-Hunsruck,78.13071408768879
Bitburg-Prum,Rhein-Lahn-Kreis,107.42758018303314
Bitburg-Prum,Rhein-Pfalz-Kreis,154.45083359162655
Bitburg-Prum,Sudliche Weinstr.,134.32715087782114
Bitburg-Prum,Sudwestpfalz,126.82783581382083
Bitburg-Prum,Trier-Saarburg,43.5343672615092
Bitburg-Prum,Vulkaneifel,36.22932745521284
Bitburg-Prum,Westerwaldkreis,119.64309765392808
Bitburg-Prum,KS Frankenthal,151.69047166540318
Bitburg-Prum,KS Kaiserslautern,117.35811393593026
Bitburg-Prum,KS Koblenz,92.36302236713085
Bitburg-Prum,KS Landau i.d.Pf.,154.22269075099132
Bitburg-Prum,KS Ludwigshafen,159.6314752167694
Bitburg-Prum,KS Mainz,134.0857609435761
Bitburg-Prum,KS Neustadt a.d.W.,146.5437748800331
Bitburg-Prum,KS Pirmasens,127.46148230908156
Bitburg-Prum,KS Speyer,166.4118749444015
Bitburg-Prum,KS Trier,36.24281616870783
Bitburg-Prum,KS Worms,147.8373326436516
Bitburg-Prum,KS Zweibrucken,112.37293030993781
Cochem-Zell,Ahrweiler,35.75086525893013
Cochem-Zell,Altenkirchen,72.33681308876189
Cochem-Zell,Alzey-Worms,80.81623779427565
Cochem-Zell,Bad Durkheim,100.49916730139753
Cochem-Zell,Bad Kreuznach,59.726309217231936
Cochem-Zell,Bernkastel-Wittlich,29.43478495156364
Cochem-Zell,Birkenfeld,47.06743643333597
Cochem-Zell,Bitburg-Prum,57.617391954456856
Cochem-Zell,Donnersbergkreis,75.9581079444078
Cochem-Zell,Germersheim,132.6631376370185
Cochem-Zell,Kaiserslautern,86.69166205020676
Cochem-Zell,Kusel,67.79868066566533
Cochem-Zell,Mainz-Bingen,71.13130556069154
Cochem-Zell,Mayen-Koblenz,23.079993958492185
Cochem-Zell,Neuwied,51.07528868657847
Cochem-Zell,Rhein-Hunsruck,25.283377413320903
Cochem-Zell,Rhein-Lahn-Kreis,49.96939234053353
Cochem-Zell,Rhein-Pfalz-Kreis,112.89441101422878
Cochem-Zell,Sudliche Weinstr.,95.64039675529929
Cochem-Zell,Sudwestpfalz,106.92695731945963
Cochem-Zell,Trier-Saarburg,60.27749459283461
Cochem-Zell,Vulkaneifel,29.990034245285823
Cochem-Zell,Westerwaldkreis,67.26802505219531
Cochem-Zell,KS Frankenthal,107.40770237642054
Cochem-Zell,KS Kaiserslautern,86.69166205020676
Cochem-Zell,KS Koblenz,37.42920612511973
Cochem-Zell,KS Landau i.d.Pf.,122.91519540629055
Cochem-Zell,KS Ludwigshafen,116.1172816279581
Cochem-Zell,KS Mainz,78.87073018868976
Cochem-Zell,KS Neustadt a.d.W.,110.51346834074691
Cochem-Zell,KS Pirmasens,108.65717110301884
Cochem-Zell,KS Speyer,126.91036010761928
Cochem-Zell,KS Trier,59.13849207331581
Cochem-Zell,KS Worms,100.80243311746538
Cochem-Zell,KS Zweibrucken,99.83679161969641
Donnersbergkreis,Ahrweiler,109.88376063015616
Donnersbergkreis,Altenkirchen,120.14722919017487
Donnersbergkreis,Alzey-Worms,20.61669286495079
Donnersbergkreis,Bad Durkheim,24.60481486033299
Donnersbergkreis,Bad Kreuznach,21.328375580503398
Donnersbergkreis,Bernkastel-Wittlich,76.94109731064917
Donnersbergkreis,Birkenfeld,47.03819542487833
Donnersbergkreis,Bitburg-Prum,117.37517349642053
Donnersbergkreis,Cochem-Zell,75.9581079444078
Donnersbergkreis,Germersheim,56.98688448033068
Donnersbergkreis,Kaiserslautern,24.09632433106307
Donnersbergkreis,Kusel,32.33254237478238
Donnersbergkreis,Mainz-Bingen,32.308612742727746
Donnersbergkreis,Mayen-Koblenz,87.6387761370024
Donnersbergkreis,Neuwied,106.85657697532325
Donnersbergkreis,Rhein-Hunsruck,51.956918014170306
Donnersbergkreis,Rhein-Lahn-Kreis,70.16556298174298
Donnersbergkreis,Rhein-Pfalz-Kreis,37.61581322764961
Donnersbergkreis,Sudliche Weinstr.,19.901545070173697
Donnersbergkreis,Sudwestpfalz,51.229853982487555
Donnersbergkreis,Trier-Saarburg,87.59781911629011
Donnersbergkreis,Vulkaneifel,103.93497553717951
Donnersbergkreis,Westerwaldkreis,102.37251365143283
Donnersbergkreis,KS Frankenthal,34.38501348623469
Donnersbergkreis,KS Kaiserslautern,24.09632433106307
Donnersbergkreis,KS Koblenz,82.0409381615359
Donnersbergkreis,KS Landau i.d.Pf.,49.9762669866805
Donnersbergkreis,KS Ludwigshafen,42.27239719740766
Donnersbergkreis,KS Mainz,47.691126163140815
Donnersbergkreis,KS Neustadt a.d.W.,35.31791563121546
Donnersbergkreis,KS Pirmasens,53.85713909469505
Donnersbergkreis,KS Speyer,51.07225398667809
Donnersbergkreis,KS Trier,93.1555408537029
Donnersbergkreis,KS Worms,32.50331190406559
Donnersbergkreis,KS Zweibrucken,58.43662060841749
Germersheim,Ahrweiler,166.86941926389318
Germersheim,Altenkirchen,172.7603043945989
Germersheim,Alzey-Worms,61.063492140440786
Germersheim,Bad Durkheim,33.35911747142129
Germersheim,Bad Kreuznach,76.5590994791655
Germersheim,Bernkastel-Wittlich,129.54759115784995
Germersheim,Birkenfeld,96.61130405076459
Germersheim,Bitburg-Prum,168.41979693636088
Germersheim,Cochem-Zell,132.6631376370185
Germersheim,Donnersbergkreis,56.98688448033068
Germersheim,Kaiserslautern,51.18459113893983
Germersheim,Kusel,74.23828081797055
Germersheim,Mainz-Bingen,77.76255038507855
Germersheim,Mayen-Koblenz,144.40528609345097
Germersheim,Neuwied,161.90103608217055
Germersheim,Rhein-Hunsruck,108.94346580003217
Germersheim,Rhein-Lahn-Kreis,122.21824102746461
Germersheim,Rhein-Pfalz-Kreis,25.620998836689395
Germersheim,Sudliche Weinstr.,37.10433135028923
Germersheim,Sudwestpfalz,53.90802888044511
Germersheim,Trier-Saarburg,131.64836244759493
Germersheim,Vulkaneifel,159.74338238118204
Germersheim,Westerwaldkreis,153.14586674011423
Germersheim,KS Frankenthal,35.58946984705136
Germersheim,KS Kaiserslautern,51.18459113893983
Germersheim,KS Koblenz,137.08208804415563
Germersheim,KS Landau i.d.Pf.,18.247994931010012
Germersheim,KS Ludwigshafen,29.49471556181042
Germersheim,KS Mainz,86.99629485073667
Germersheim,KS Neustadt a.d.W.,22.328476005517306
Germersheim,KS Pirmasens,55.42081172740401
Germersheim,KS Speyer,13.251746452072183
Germersheim,KS Trier,138.51676341881895
Germersheim,KS Worms,46.71158510930596
Germersheim,KS Zweibrucken,72.17529776405338
Kaiserslautern,Ahrweiler,122.25514835342896
Kaiserslautern,Altenkirchen,140.240065783819
Kaiserslautern,Alzey-Worms,43.682160112451584
Kaiserslautern,Bad Durkheim,30.048251455392275
Kaiserslautern,Bad Kreuznach,43.14400441303773
Kaiserslautern,Bernkastel-Wittlich,79.15802361453069
Kaiserslautern,Birkenfeld,45.89663274522645
Kaiserslautern,Bitburg-Prum,117.35811393593026
Kaiserslautern,Cochem-Zell,86.69166205020676
Kaiserslautern,Donnersbergkreis,24.09632433106307
Kaiserslautern,Germersheim,51.18459113893983
Kaiserslautern,Kusel,23.067415520129458
Kaiserslautern,Mainz-Bingen,56.3930813684901
Kaiserslautern,Mayen-Koblenz,102.64069671647883
Kaiserslautern,Neuwied,124.97213753637294
Kaiserslautern,Rhein-Hunsruck,66.11015714130043
Kaiserslautern,Rhein-Lahn-Kreis,91.5478981889283
Kaiserslautern,Rhein-Pfalz-Kreis,42.780986139781355
Kaiserslautern,Sudliche Weinstr.,22.905219771915515
Kaiserslautern,Sudwestpfalz,27.268916381405234
Kaiserslautern,Trier-Saarburg,80.87143309917501
Kaiserslautern,Vulkaneifel,111.30763081057826
Kaiserslautern,Westerwaldkreis,123.76364994833973
Kaiserslautern,KS Frankenthal,45.310142679587635
Kaiserslautern,KS Kaiserslautern,0.0
Kaiserslautern,KS Koblenz,100.68276136417285
Kaiserslautern,KS Landau i.d.Pf.,37.378888282290184
Kaiserslautern,KS Ludwigshafen,50.1278492542196
Kaiserslautern,KS Mainz,71.74875524437486
Kaiserslautern,KS Neustadt a.d.W.,30.02260459023774
Kaiserslautern,KS Pirmasens,29.865748713251985
Kaiserslautern,KS Speyer,51.139169925922026
Kaiserslautern,KS Trier,87.56829880376512
Kaiserslautern,KS Worms,48.9426624652859
Kaiserslautern,KS Zweibrucken,35.455144631091606
Kusel,Ahrweiler,103.51893100540654
Kusel,Altenkirchen,128.71297859654993
Kusel,Alzey-Worms,52.131869648273685
Kusel,Bad Durkheim,49.843360166283766
Kusel,Bad Kreuznach,41.152703201122485
Kusel,Bernkastel-Wittlich,56.64189324691576
Kusel,Birkenfeld,23.382806356748443
Kusel,Bitburg-Prum,94.31542040199919
Kusel,Cochem-Zell,67.79868066566533
Kusel,Donnersbergkreis,32.33254237478238
Kusel,Germersheim,74.23828081797055
Kusel,Kaiserslautern,23.067415520129458
Kusel,Mainz-Bingen,59.10213106466549
Kusel,Mayen-Koblenz,86.4120540987195
Kusel,Neuwied,111.23021541802191
Kusel,Rhein-Hunsruck,51.16857283947539
Kusel,Rhein-Lahn-Kreis,83.55427050934821
Kusel,Rhein-Pfalz-Kreis,63.4787911796444
Kusel,Sudliche Weinstr.,42.707299084786655
Kusel,Sudwestpfalz,39.15598549812633
Kusel,Trier-Saarburg,58.46214486564474
Kusel,Vulkaneifel,90.03963682415083
Kusel,Westerwaldkreis,114.68193150477002
Kusel,KS Frankenthal,63.71767331777562
Kusel,KS Kaiserslautern,23.067415520129458
Kusel,KS Koblenz,88.29120528733853
Kusel,KS Landau i.d.Pf.,60.062541506167285
Kusel,KS Ludwigshafen,70.07739872795963
Kusel,KS Mainz,75.04833159237768
Kusel,KS Neustadt a.d.W.,52.76457427281464
Kusel,KS Pirmasens,40.97535445409371
Kusel,KS Speyer,73.48697340547328
Kusel,KS Trier,64.91204602884112
Kusel,KS Worms,64.23303936587205
Kusel,KS Zweibrucken,35.389672286016896
Mainz-Bingen,Ahrweiler,98.91108708298032
Mainz-Bingen,Altenkirchen,95.1651214652145
Mainz-Bingen,Alzey-Worms,16.82292501724246
Mainz-Bingen,Bad Durkheim,45.74396456112842
Mainz-Bingen,Bad Kreuznach,18.9303477490425
Mainz-Bingen,Bernkastel-Wittlich,84.09719974045672
Mainz-Bingen,Birkenfeld,63.68952604758265
Mainz-Bingen,Bitburg-Prum,123.65757670779972
Mainz-Bingen,Cochem-Zell,71.13130556069154
Mainz-Bingen,Donnersbergkreis,32.308612742727746
Mainz-Bingen,Germersheim,77.76255038507855
Mainz-Bingen,Kaiserslautern,56.3930813684901
Mainz-Bingen,Kusel,59.10213106466549
Mainz-Bingen,Mayen-Koblenz,74.02902788412165
Mainz-Bingen,Neuwied,86.08265906341218
Mainz-Bingen,Rhein-Hunsruck,46.447185939232725
Mainz-Bingen,Rhein-Lahn-Kreis,44.876412794530594
Mainz-Bingen,Rhein-Pfalz-Kreis,52.73150075167126
Mainz-Bingen,Sudliche Weinstr.,45.74396456112772
Mainz-Bingen,Sudwestpfalz,83.52576013768893
Mainz-Bingen,Trier-Saarburg,103.91686910649523
Mainz-Bingen,Vulkaneifel,101.12116765315695
Mainz-Bingen,Westerwaldkreis,75.38481468312706
Mainz-Bingen,KS Frankenthal,43.91172529002971
Mainz-Bingen,KS Kaiserslautern,56.3930813684901
Mainz-Bingen,KS Koblenz,61.93088360329024
Mainz-Bingen,KS Landau i.d.Pf.,76.74212736793541
Mainz-Bingen,KS Ludwigshafen,52.43221489251563
Mainz-Bingen,KS Mainz,15.986896588489559
Mainz-Bingen,KS Neustadt a.d.W.,60.098930244704384
Mainz-Bingen,KS Pirmasens,86.15783510331605
Mainz-Bingen,KS Speyer,67.48223674063041
Mainz-Bingen,KS Trier,107.79147714501285
Mainz-Bingen,KS Worms,34.06766547132203
Mainz-Bingen,KS Zweibrucken,89.94823009773157
Mayen-Koblenz,Ahrweiler,25.215453539233355
Mayen-Koblenz,Altenkirchen,49.38261582124323
Mayen-Koblenz,Alzey-Worms,87.24887610312615
Mayen-Koblenz,Bad Durkheim,111.21821210966155
Mayen-Koblenz,Bad Kreuznach,68.1379377656795
Mayen-Koblenz,Bernkastel-Wittlich,52.13282570693185
Mayen-Koblenz,Birkenfeld,67.94455240487926
Mayen-Koblenz,Bitburg-Prum,73.19700922402676
Mayen-Koblenz,Cochem-Zell,23.079993958492185
Mayen-Koblenz,Donnersbergkreis,87.6387761370024
Mayen-Koblenz,Germersheim,144.40528609345097
Mayen-Koblenz,Kaiserslautern,102.64069671647883
Mayen-Koblenz,Kusel,86.4120540987195
Mayen-Koblenz,Mainz-Bingen,74.02902788412165
Mayen-Koblenz,Neuwied,27.99533543523055
Mayen-Koblenz,Rhein-Hunsruck,36.557985946453684
Mayen-Koblenz,Rhein-Lahn-Kreis,39.04874814289698
Mayen-Koblenz,Rhein-Pfalz-Kreis,122.27903171962465
Mayen-Koblenz,Sudliche Weinstr.,107.49132484046942
Mayen-Koblenz,Sudwestpfalz,125.33595881200156
Mayen-Koblenz,Trier-Saarburg,82.97597619794595
Mayen-Koblenz,Vulkaneifel,38.38916621964201
Mayen-Koblenz,Westerwaldkreis,46.699309066326016
Mayen-Koblenz,KS Frankenthal,115.3052499862591
Mayen-Koblenz,KS Kaiserslautern,102.64069671647883
Mayen-Koblenz,KS Koblenz,20.05663398476455
Mayen-Koblenz,KS Landau i.d.Pf.,136.9532436638981
Mayen-Koblenz,KS Ludwigshafen,124.14125291390572
Mayen-Koblenz,KS Mainz,77.1661348297016
Mayen-Koblenz,KS Neustadt a.d.W.,122.95604748707181
Mayen-Koblenz,KS Pirmasens,127.29201268323183
Mayen-Koblenz,KS Speyer,136.92421489291445
Mayen-Koblenz,KS Trier,81.2715575960011
Mayen-Koblenz,KS Worms,107.01858328505946
Mayen-Koblenz,KS Zweibrucken,120.17694518426372
Neuwied,Ahrweiler,35.91868471181784
Neuwied,Altenkirchen,21.877700407905884
Neuwied,Alzey-Worms,101.69634185277481
Neuwied,Bad Durkheim,128.60301519773827
Neuwied,Bad Kreuznach,85.84224545708744
Neuwied,Bernkastel-Wittlich,79.96512860480527
Neuwied,Birkenfeld,94.63290953394066
Neuwied,Bitburg-Prum,96.2624671911062
Neuwied,Cochem-Zell,51.07528868657847
Neuwied,Donnersbergkreis,106.85657697532325
Neuwied,Germersheim,161.90103608217055
Neuwied,Kaiserslautern,124.97213753637294
Neuwied,Kusel,111.23021541802191
Neuwied,Mainz-Bingen,86.08265906341218
Neuwied,Mayen-Koblenz,27.99533543523055
Neuwied,Rhein-Hunsruck,60.07093642421911
Neuwied,Rhein-Lahn-Kreis,42.072682779338834
Neuwied,Rhein-Pfalz-Kreis,137.99907009252564
Neuwied,Sudliche Weinstr.,126.06283633937029
Neuwied,Sudwestpfalz,149.38315446159325
Neuwied,Trier-Saarburg,110.72859455709198
Neuwied,Vulkaneifel,60.037339251476986
Neuwied,Westerwaldkreis,27.635179906922332
Neuwied,KS Frankenthal,129.78339373885586
Neuwied,KS Kaiserslautern,124.97213753637294
Neuwied,KS Koblenz,24.865865791020358
Neuwied,KS Landau i.d.Pf.,156.8320737505363
Neuwied,KS Ludwigshafen,138.43134239079367
Neuwied,KS Mainz,83.96938582192429
Neuwied,KS Neustadt a.d.W.,141.62510511842652
Neuwied,KS Pirmasens,151.51399212727964
Neuwied,KS Speyer,152.8587095973995
Neuwied,KS Trier,108.66121234710066
Neuwied,KS Worms,120.14811680969476
Neuwied,KS Zweibrucken,145.92173152577595
Rhein-Hunsruck,Ahrweiler,57.92731773708923
Rhein-Hunsruck,Altenkirchen,77.93428851519741
Rhein-Hunsruck,Alzey-Worms,55.53354143692141
Rhein-Hunsruck,Bad Durkheim,76.19588058790028
Rhein-Hunsruck,Bad Kreuznach,34.51341014654654
Rhein-Hunsruck,Bernkastel-Wittlich,40.703202061040095
Rhein-Hunsruck,Birkenfeld,36.92627651910321
Rhein-Hunsruck,Bitburg-Prum,78.13071408768879
Rhein-Hunsruck,Cochem-Zell,25.283377413320903
Rhein-Hunsruck,Donnersbergkreis,51.956918014170306
Rhein-Hunsruck,Germersheim,108.94346580003217
Rhein-Hunsruck,Kaiserslautern,66.11015714130043
Rhein-Hunsruck,Kusel,51.16857283947539
Rhein-Hunsruck,Mainz-Bingen,46.447185939232725
Rhein-Hunsruck,Mayen-Koblenz,36.557985946453684
Rhein-Hunsruck,Neuwied,60.07093642421911
Rhein-Hunsruck,Rhein-Lahn-Kreis,38.37641074275383
Rhein-Hunsruck,Rhein-Pfalz-Kreis,88.1690075556236
Rhein-Hunsruck,Sudliche Weinstr.,71.84682088966365
Rhein-Hunsruck,Sudwestpfalz,89.47183385131567
Rhein-Hunsruck,Trier-Saarburg,67.03310162193416
Rhein-Hunsruck,Vulkaneifel,55.07166876525951
Rhein-Hunsruck,Westerwaldkreis,65.88864529605863
Rhein-Hunsruck,KS Frankenthal,82.31838217555377
Rhein-Hunsruck,KS Kaiserslautern,66.11015714130043
Rhein-Hunsruck,KS Koblenz,37.53806258093983
Rhein-Hunsruck,KS Landau i.d.Pf.,100.61538640722313
Rhein-Hunsruck,KS Ludwigshafen,91.07328476318327
Rhein-Hunsruck,KS Mainz,55.95507088939809
Rhein-Hunsruck,KS Neustadt a.d.W.,87.1103072069713
Rhein-Hunsruck,KS Pirmasens,91.54748474782552
Rhein-Hunsruck,KS Speyer,102.43289770058516
Rhein-Hunsruck,KS Trier,68.71456946690896
Rhein-Hunsruck,KS Worms,75.52754279097104
Rhein-Hunsruck,KS Zweibrucken,86.07850674694413
Rhein-Lahn-Kreis,Ahrweiler,63.377881077077184
Rhein-Lahn-Kreis,Altenkirchen,50.584258158185264
Rhein-Lahn-Kreis,Alzey-Worms,61.22246606128396
Rhein-Lahn-Kreis,Bad Durkheim,89.39599666799467
Rhein-Lahn-Kreis,Bad Kreuznach,48.946451879244734
Rhein-Lahn-Kreis,Bernkastel-Wittlich,75.91317421409332
Rhein-Lahn-Kreis,Birkenfeld,74.37819507028895
Rhein-Lahn-Kreis,Bitburg-Prum,107.42758018303314
Rhein-Lahn-Kreis,Cochem-Zell,49.96939234053353
Rhein-Lahn-Kreis,Donnersbergkreis,70.16556298174298
Rhein-Lahn-Kreis,Germersheim,122.21824102746461
Rhein-Lahn-Kreis,Kaiserslautern,91.5478981889283
Rhein-Lahn-Kreis,Kusel,83.55427050934821
Rhein-Lahn-Kreis,Mainz-Bingen,44.876412794530594
Rhein-Lahn-Kreis,Mayen-Koblenz,39.04874814289698
Rhein-Lahn-Kreis,Neuwied,42.072682779338834
Rhein-Lahn-Kreis,Rhein-Hunsruck,38.37641074275383
Rhein-Lahn-Kreis,Rhein-Pfalz-Kreis,97.51695255882423
Rhein-Lahn-Kreis,Sudliche Weinstr.,87.9395908480458
Rhein-Lahn-Kreis,Sudwestpfalz,118.05925769010166
Rhein-Lahn-Kreis,Trier-Saarburg,104.59559313137015
Rhein-Lahn-Kreis,Vulkaneifel,75.6677454965034
Rhein-Lahn-Kreis,Westerwaldkreis,32.266574315433594
Rhein-Lahn-Kreis,KS Frankenthal,88.78519312828776
Rhein-Lahn-Kreis,KS Kaiserslautern,91.5478981889283
Rhein-Lahn-Kreis,KS Koblenz,20.547664851215938
Rhein-Lahn-Kreis,KS Landau i.d.Pf.,119.26652663938044
Rhein-Lahn-Kreis,KS Ludwigshafen,97.25728062478656
Rhein-Lahn-Kreis,KS Mainz,41.966503459326134
Rhein-Lahn-Kreis,KS Neustadt a.d.W.,103.20156964985873
Rhein-Lahn-Kreis,KS Pirmasens,120.47631797615693
Rhein-Lahn-Kreis,KS Speyer,112.3155959046314
Rhein-Lahn-Kreis,KS Trier,105.44393374212237
Rhein-Lahn-Kreis,KS Worms,78.72565534524054
Rhein-Lahn-Kreis,KS Zweibrucken,118.81481242782418
Rhein-Pfalz-Kreis,Ahrweiler,145.73068843673497
Rhein-Pfalz-Kreis,Altenkirchen,147.8964640522101
Rhein-Pfalz-Kreis,Alzey-Worms,36.36401184690634
Rhein-Pfalz-Kreis,Bad Durkheim,13.784184060511354
Rhein-Pfalz-Kreis,Bad Kreuznach,54.209943222188265
Rhein-Pfalz-Kreis,Bernkastel-Wittlich,114.25501892612496
Rhein-Pfalz-Kreis,Birkenfeld,82.99500830043695
Rhein-Pfalz-Kreis,Bitburg-Prum,154.45083359162655
Rhein-Pfalz-Kreis,Cochem-Zell,112.89441101422878
Rhein-Pfalz-Kreis,Donnersbergkreis,37.61581322764961
Rhein-Pfalz-Kreis,Germersheim,25.620998836689395
Rhein-Pfalz-Kreis,Kaiserslautern,42.780986139781355
Rhein-Pfalz-Kreis,Kusel,63.4787911796444
Rhein-Pfalz-Kreis,Mainz-Bingen,52.73150075167126
Rhein-Pfalz-Kreis,Mayen-Koblenz,122.27903171962465
Rhein-Pfalz-Kreis,Neuwied,137.99907009252564
Rhein-Pfalz-Kreis,Rhein-Hunsruck,88.1690075556236
Rhein-Pfalz-Kreis,Rhein-Lahn-Kreis,97.51695255882423
Rhein-Pfalz-Kreis,Sudliche Weinstr.,20.776499331661228
Rhein-Pfalz-Kreis,Sudwestpfalz,58.24650539753416
Rhein-Pfalz-Kreis,Trier-Saarburg,121.82696436083572
Rhein-Pfalz-Kreis,Vulkaneifel,141.38089420391466
Rhein-Pfalz-Kreis,Westerwaldkreis,127.97855379616556
Rhein-Pfalz-Kreis,KS Frankenthal,10.114055206564961
Rhein-Pfalz-Kreis,KS Kaiserslautern,42.780986139781355
Rhein-Pfalz-Kreis,KS Koblenz,113.34489716664322
Rhein-Pfalz-Kreis,KS Landau i.d.Pf.,31.495186472612545
Rhein-Pfalz-Kreis,KS Ludwigshafen,7.979851534472228
Rhein-Pfalz-Kreis,KS Mainz,61.38092591479061
Rhein-Pfalz-Kreis,KS Neustadt a.d.W.,17.631970140645816
Rhein-Pfalz-Kreis,KS Pirmasens,60.554151727538
Rhein-Pfalz-Kreis,KS Speyer,14.859655060743533
Rhein-Pfalz-Kreis,KS Trier,128.034679387054
Rhein-Pfalz-Kreis,KS Worms,21.18136463794171
Rhein-Pfalz-Kreis,KS Zweibrucken,73.90410429786377
Sudliche Weinstr.,Ahrweiler,129.76948781637492
Sudliche Weinstr.,Altenkirchen,138.39800283339906
Sudliche Weinstr.,Alzey-Worms,29.489780795427908
Sudliche Weinstr.,Bad Durkheim,7.245131004223565
Sudliche Weinstr.,Bad Kreuznach,40.22691378728486
Sudliche Weinstr.,Bernkastel-Wittlich,94.44722836169166
Sudliche Weinstr.,Birkenfeld,62.570033961167674
Sudliche Weinstr.,Bitburg-Prum,134.32715087782114
Sudliche Weinstr.,Cochem-Zell,95.64039675529929
Sudliche Weinstr.,Donnersbergkreis,19.901545070173697
Sudliche Weinstr.,Germersheim,37.10433135028923
Sudliche Weinstr.,Kaiserslautern,22.905219771915515
Sudliche Weinstr.,Kusel,42.707299084786655
Sudliche Weinstr.,Mainz-Bingen,45.74396456112772
Sudliche Weinstr.,Mayen-Koblenz,107.49132484046942
Sudliche Weinstr.,Neuwied,126.06283633937029
Sudliche Weinstr.,Rhein-Hunsruck,71.84682088966365
Sudliche Weinstr.,Rhein-Lahn-Kreis,87.9395908480458
Sudliche Weinstr.,Rhein-Pfalz-Kreis,20.776499331661228
Sudliche Weinstr.,Sudwestpfalz,43.85809389242185
Sudliche Weinstr.,Trier-Saarburg,101.05737338583613
Sudliche Weinstr.,Vulkaneifel,123.14420806003099
Sudliche Weinstr.,Westerwaldkreis,119.7917283104522
Sudliche Weinstr.,KS Frankenthal,22.42476357592525
Sudliche Weinstr.,KS Kaiserslautern,22.905219771915515
Sudliche Weinstr.,KS Koblenz,101.19876271161411
Sudliche Weinstr.,KS Landau i.d.Pf.,31.35181283609233
Sudliche Weinstr.,KS Ludwigshafen,27.556727673724346
Sudliche Weinstr.,KS Mainz,58.708823437807375
Sudliche Weinstr.,KS Neustadt a.d.W.,15.579704624174143
Sudliche Weinstr.,KS Pirmasens,46.449092349271766
Sudliche Weinstr.,KS Speyer,32.211941936490135
Sudliche Weinstr.,KS Trier,107.29892442919488
Sudliche Weinstr.,KS Worms,27.37349076055307
Sudliche Weinstr.,KS Zweibrucken,56.7784483331137
Sudwestpfalz,Ahrweiler,142.61507362360285
Sudwestpfalz,Altenkirchen,165.78616843342607
Sudwestpfalz,Alzey-Worms,69.95899040925923
Sudwestpfalz,Bad Durkheim,49.404200836577104
Sudwestpfalz,Bad Kreuznach,70.21693128258369
Sudwestpfalz,Bernkastel-Wittlich,93.02905533017763
Sudwestpfalz,Birkenfeld,61.12229767550454
Sudwestpfalz,Bitburg-Prum,126.82783581382083
Sudwestpfalz,Cochem-Zell,106.92695731945963
Sudwestpfalz,Donnersbergkreis,51.229853982487555
Sudwestpfalz,Germersheim,53.90802888044511
Sudwestpfalz,Kaiserslautern,27.268916381405234
Sudwestpfalz,Kusel,39.15598549812633
Sudwestpfalz,Mainz-Bingen,83.52576013768893
Sudwestpfalz,Mayen-Koblenz,125.33595881200156
Sudwestpfalz,Neuwied,149.38315446159325
Sudwestpfalz,Rhein-Hunsruck,89.47183385131567
Sudwestpfalz,Rhein-Lahn-Kreis,118.05925769010166
Sudwestpfalz,Rhein-Pfalz-Kreis,58.24650539753416
Sudwestpfalz,Sudliche Weinstr.,43.85809389242185
Sudwestpfalz,Trier-Saarburg,85.42898824809693
Sudwestpfalz,Vulkaneifel,127.92606695670474
Sudwestpfalz,Westerwaldkreis,150.12261109571222
Sudwestpfalz,KS Frankenthal,64.45069845574685
Sudwestpfalz,KS Kaiserslautern,27.268916381405234
Sudwestpfalz,KS Koblenz,125.69240145443163
Sudwestpfalz,KS Landau i.d.Pf.,35.71685641038425
Sudwestpfalz,KS Ludwigshafen,66.22523867360522
Sudwestpfalz,KS Mainz,98.65497386626159
Sudwestpfalz,KS Neustadt a.d.W.,40.90688544323807
Sudwestpfalz,KS Pirmasens,2.65914461243645
Sudwestpfalz,KS Speyer,60.19802758148028
Sudwestpfalz,KS Trier,92.84485568435005
Sudwestpfalz,KS Worms,71.15735265837512
Sudwestpfalz,KS Zweibrucken,18.50990301568782
Trier-Saarburg,Ahrweiler,85.24980290839441
Trier-Saarburg,Altenkirchen,132.34612512777747
Trier-Saarburg,Alzey-Worms,103.97680594797441
Trier-Saarburg,Bad Durkheim,108.10383848860232
Trier-Saarburg,Bad Kreuznach,85.52242017999792
Trier-Saarburg,Bernkastel-Wittlich,30.867185770679757
Trier-Saarburg,Birkenfeld,41.17191022660718
Trier-Saarburg,Bitburg-Prum,43.5343672615092
Trier-Saarburg,Cochem-Zell,60.27749459283461
Trier-Saarburg,Donnersbergkreis,87.59781911629011
Trier-Saarburg,Germersheim,131.64836244759493
Trier-Saarburg,Kaiserslautern,80.87143309917501
Trier-Saarburg,Kusel,58.46214486564474
Trier-Saarburg,Mainz-Bingen,103.91686910649523
Trier-Saarburg,Mayen-Koblenz,82.97597619794595
Trier-Saarburg,Neuwied,110.72859455709198
Trier-Saarburg,Rhein-Hunsruck,67.03310162193416
Trier-Saarburg,Rhein-Lahn-Kreis,104.59559313137015
Trier-Saarburg,Rhein-Pfalz-Kreis,121.82696436083572
Trier-Saarburg,Sudliche Weinstr.,101.05737338583613
Trier-Saarburg,Sudwestpfalz,85.42898824809693
Trier-Saarburg,Vulkaneifel,60.49028501991061
Trier-Saarburg,Westerwaldkreis,127.07646868475823
Trier-Saarburg,KS Frankenthal,121.26063619233355
Trier-Saarburg,KS Kaiserslautern,80.87143309917501
Trier-Saarburg,KS Koblenz,96.88239791139021
Trier-Saarburg,KS Landau i.d.Pf.,115.84517775622598
Trier-Saarburg,KS Ludwigshafen,128.16254493726453
Trier-Saarburg,KS Mainz,117.7367905799087
Trier-Saarburg,KS Neustadt a.d.W.,110.88938263477841
Trier-Saarburg,KS Pirmasens,85.7378158478802
Trier-Saarburg,KS Speyer,131.85889979095532
Trier-Saarburg,KS Trier,7.510110003144791
Trier-Saarburg,KS Worms,120.01082608939565
Trier-Saarburg,KS Zweibrucken,69.73219838579651
Vulkaneifel,Ahrweiler,26.80345888727102
Vulkaneifel,Altenkirchen,81.45886951017832
Vulkaneifel,Alzey-Worms,110.46152729556005
Vulkaneifel,Bad Durkheim,128.52480225795247
Vulkaneifel,Bad Kreuznach,89.1968239320677
Vulkaneifel,Bernkastel-Wittlich,35.90777151408631
Vulkaneifel,Birkenfeld,66.94568853688727
Vulkaneifel,Bitburg-Prum,36.22932745521284
Vulkaneifel,Cochem-Zell,29.990034245285823
Vulkaneifel,Donnersbergkreis,103.93497553717951
Vulkaneifel,Germersheim,159.74338238118204
Vulkaneifel,Kaiserslautern,111.30763081057826
Vulkaneifel,Kusel,90.03963682415083
Vulkaneifel,Mainz-Bingen,101.12116765315695
Vulkaneifel,Mayen-Koblenz,38.38916621964201
Vulkaneifel,Neuwied,60.037339251476986
Vulkaneifel,Rhein-Hunsruck,55.07166876525951
Vulkaneifel,Rhein-Lahn-Kreis,75.6677454965034
Vulkaneifel,Rhein-Pfalz-Kreis,141.38089420391466
Vulkaneifel,Sudliche Weinstr.,123.14420806003099
Vulkaneifel,Sudwestpfalz,127.92606695670474
Vulkaneifel,Trier-Saarburg,60.49028501991061
Vulkaneifel,Westerwaldkreis,83.99076005144705
Vulkaneifel,KS Frankenthal,136.48157319369238
Vulkaneifel,KS Kaiserslautern,111.30763081057826
Vulkaneifel,KS Koblenz,58.302953698833626
Vulkaneifel,KS Landau i.d.Pf.,148.47417172219644
Vulkaneifel,KS Ludwigshafen,145.0850518745224
Vulkaneifel,KS Mainz,108.46458581244819
Vulkaneifel,KS Neustadt a.d.W.,137.42434405801768
Vulkaneifel,KS Pirmasens,129.25815286412185
Vulkaneifel,KS Speyer,154.9885815134365
Vulkaneifel,KS Trier,55.84862762326771
Vulkaneifel,KS Worms,130.35822786884188
Vulkaneifel,KS Zweibrucken,117.52515367874405
Westerwaldkreis,Ahrweiler,62.45921067759988
Westerwaldkreis,Altenkirchen,21.426941450982095
Westerwaldkreis,Alzey-Worms,92.14079835769334
Westerwaldkreis,Bad Durkheim,120.81596560730586
Westerwaldkreis,Bad Kreuznach,81.19995678160103
Westerwaldkreis,Bernkastel-Wittlich,96.49459922618068
Westerwaldkreis,Birkenfeld,102.80861875114788
Westerwaldkreis,Bitburg-Prum,119.64309765392808
Westerwaldkreis,Cochem-Zell,67.26802505219531
Westerwaldkreis,Donnersbergkreis,102.37251365143283
Westerwaldkreis,Germersheim,153.14586674011423
Westerwaldkreis,Kaiserslautern,123.76364994833973
Westerwaldkreis,Kusel,114.68193150477002
Westerwaldkreis,Mainz-Bingen,75.38481468312706
Westerwaldkreis,Mayen-Koblenz,46.699309066326016
Westerwaldkreis,Neuwied,27.635179906922332
Westerwaldkreis,Rhein-Hunsruck,65.88864529605863
Westerwaldkreis,Rhein-Lahn-Kreis,32.266574315433594
Westerwaldkreis,Rhein-Pfalz-Kreis,127.97855379616556
Westerwaldkreis,Sudliche Weinstr.,119.7917283104522
Westerwaldkreis,Sudwestpfalz,150.12261109571222
Westerwaldkreis,Trier-Saarburg,127.07646868475823
Westerwaldkreis,Vulkaneifel,83.99076005144705
Westerwaldkreis,KS Frankenthal,118.75772420622653
Westerwaldkreis,KS Kaiserslautern,123.76364994833973
Westerwaldkreis,KS Koblenz,30.2216390262539
Westerwaldkreis,KS Landau i.d.Pf.,151.14335858900148
Westerwaldkreis,KS Ludwigshafen,126.88227298685472
Westerwaldkreis,KS Mainz,68.505974639799
Westerwaldkreis,KS Neustadt a.d.W.,134.87241904649326
Westerwaldkreis,KS Pirmasens,152.5077672981872
Westerwaldkreis,KS Speyer,142.591839308333
Westerwaldkreis,KS Trier,126.37113645070613
Westerwaldkreis,KS Worms,108.17051742698548
Westerwaldkreis,KS Zweibrucken,150.06851845249548
KS Frankenthal,Ahrweiler,139.25511406397837
KS Frankenthal,Altenkirchen,138.92704697434246
KS Frankenthal,Alzey-Worms,28.24870713874444
KS Frankenthal,Bad Durkheim,15.513808374331402
KS Frankenthal,Bad Kreuznach,47.860936907173155
KS Frankenthal,Bernkastel-Wittlich,111.17538890339794
KS Frankenthal,Birkenfeld,81.2506742784643
KS Frankenthal,Bitburg-Prum,151.69047166540318
KS Frankenthal,Cochem-Zell,107.40770237642054
KS Frankenthal,Donnersbergkreis,34.38501348623469
KS Frankenthal,Germersheim,35.58946984705136
KS Frankenthal,Kaiserslautern,45.310142679587635
KS Frankenthal,Kusel,63.71767331777562
KS Frankenthal,Mainz-Bingen,43.91172529002971
KS Frankenthal,Mayen-Koblenz,115.3052499862591
KS Frankenthal,Neuwied,129.78339373885586
KS Frankenthal,Rhein-Hunsruck,82.31838217555377
KS Frankenthal,Rhein-Lahn-Kreis,88.78519312828776
KS Frankenthal,Rhein-Pfalz-Kreis,10.114055206564961
KS Frankenthal,Sudliche Weinstr.,22.42476357592525
KS Frankenthal,Sudwestpfalz,64.45069845574685
KS Frankenthal,Trier-Saarburg,121.26063619233355
KS Frankenthal,Vulkaneifel,136.48157319369238
KS Frankenthal,Westerwaldkreis,118.75772420622653
KS Frankenthal,KS Kaiserslautern,45.310142679587635
KS Frankenthal,KS Koblenz,105.32125747858984
KS Frankenthal,KS Landau i.d.Pf.,40.946492575724
KS Frankenthal,KS Ludwigshafen,8.837348512671651
KS Frankenthal,KS Mainz,51.57246182979971
KS Frankenthal,KS Neustadt a.d.W.,25.59779190648802
KS Frankenthal,KS Pirmasens,66.90716949949139
KS Frankenthal,KS Speyer,23.90130829384288
KS Frankenthal,KS Trier,127.1058609160949
KS Frankenthal,KS Worms,11.12211526225472
KS Frankenthal,KS Zweibrucken,78.77042135265411
KS Kaiserslautern,Ahrweiler,122.25514835342896
KS Kaiserslautern,Altenkirchen,140.240065783819
KS Kaiserslautern,Alzey-Worms,43.682160112451584
KS Kaiserslautern,Bad Durkheim,30.048251455392275
KS Kaiserslautern,Bad Kreuznach,43.14400441303773
KS Kaiserslautern,Bernkastel-Wittlich,79.15802361453069
KS Kaiserslautern,Birkenfeld,45.89663274522645
KS Kaiserslautern,Bitburg-Prum,117.35811393593026
KS Kaiserslautern,Cochem-Zell,86.69166205020676
KS Kaiserslautern,Donnersbergkreis,24.09632433106307
KS Kaiserslautern,Germersheim,51.18459113893983
KS Kaiserslautern,Kaiserslautern,0.0
KS Kaiserslautern,Kusel,23.067415520129458
KS Kaiserslautern,Mainz-Bingen,56.3930813684901
KS Kaiserslautern,Mayen-Koblenz,102.64069671647883
KS Kaiserslautern,Neuwied,124.97213753637294
KS Kaiserslautern,Rhein-Hunsruck,66.11015714130043
KS Kaiserslautern,Rhein-Lahn-Kreis,91.5478981889283
KS Kaiserslautern,Rhein-Pfalz-Kreis,42.780986139781355
KS Kaiserslautern,Sudliche Weinstr.,22.905219771915515
KS Kaiserslautern,Sudwestpfalz,27.268916381405234
KS Kaiserslautern,Trier-Saarburg,80.87143309917501
KS Kaiserslautern,Vulkaneifel,111.30763081057826
KS Kaiserslautern,Westerwaldkreis,123.76364994833973
KS Kaiserslautern,KS Frankenthal,45.310142679587635
KS Kaiserslautern,KS Koblenz,100.68276136417285
KS Kaiserslautern,KS Landau i.d.Pf.,37.378888282290184
KS Kaiserslautern,KS Ludwigshafen,50.1278492542196
KS Kaiserslautern,KS Mainz,71.74875524437486
KS Kaiserslautern,KS Neustadt a.d.W.,30.02260459023774
KS Kaiserslautern,KS Pirmasens,29.865748713251985
KS Kaiserslautern,KS Speyer,51.139169925922026
KS Kaiserslautern,KS Trier,87.56829880376512
KS Kaiserslautern,KS Worms,48.9426624652859
KS Kaiserslautern,KS Zweibrucken,35.455144631091606
KS Koblenz,Ahrweiler,43.13074704520908
KS Koblenz,Altenkirchen,40.44586439682319
KS Koblenz,Alzey-Worms,77.13417736071828
KS Koblenz,Bad Durkheim,103.76503648257263
KS Koblenz,Bad Kreuznach,60.981809292568514
KS Koblenz,Bernkastel-Wittlich,66.39691152865774
KS Koblenz,Birkenfeld,73.9554029834895
KS Koblenz,Bitburg-Prum,92.36302236713085
KS Koblenz,Cochem-Zell,37.42920612511973
KS Koblenz,Donnersbergkreis,82.0409381615359
KS Koblenz,Germersheim,137.08208804415563
KS Koblenz,Kaiserslautern,100.68276136417285
KS Koblenz,Kusel,88.29120528733853
KS Koblenz,Mainz-Bingen,61.93088360329024
KS Koblenz,Mayen-Koblenz,20.05663398476455
KS Koblenz,Neuwied,24.865865791020358
KS Koblenz,Rhein-Hunsruck,37.53806258093983
KS Koblenz,Rhein-Lahn-Kreis,20.547664851215938
KS Koblenz,Rhein-Pfalz-Kreis,113.34489716664322
KS Koblenz,Sudliche Weinstr.,101.19876271161411
KS Koblenz,Sudwestpfalz,125.69240145443163
KS Koblenz,Trier-Saarburg,96.88239791139021
KS Koblenz,Vulkaneifel,58.302953698833626
KS Koblenz,Westerwaldkreis,30.2216390262539
KS Koblenz,KS Frankenthal,105.32125747858984
KS Koblenz,KS Kaiserslautern,100.68276136417285
KS Koblenz,KS Landau i.d.Pf.,132.00855759859346
KS Koblenz,KS Ludwigshafen,114.032399709339
KS Koblenz,KS Mainz,61.69542978569869
KS Koblenz,KS Neustadt a.d.W.,116.75965371692973
KS Koblenz,KS Pirmasens,127.90842652864028
KS Koblenz,KS Speyer,128.19961598275592
KS Koblenz,KS Trier,96.33338906239518
KS Koblenz,KS Worms,95.94833261979018
KS Koblenz,KS Zweibrucken,123.46294676503163
KS Landau i.d.Pf.,Ahrweiler,158.05020142750945
KS Landau i.d.Pf.,Altenkirchen,169.67062537311278
KS Landau i.d.Pf.,Alzey-Worms,60.09760637083984
KS Landau i.d.Pf.,Bad Durkheim,31.351812836092325
KS Landau i.d.Pf.,Bad Kreuznach,71.1121404930208
KS Landau i.d.Pf.,Bernkastel-Wittlich,116.50843497096106
KS Landau i.d.Pf.,Birkenfeld,83.21523069774054
KS Landau i.d.Pf.,Bitburg-Prum,154.22269075099132
KS Landau i.d.Pf.,Cochem-Zell,122.91519540629055
KS Landau i.d.Pf.,Donnersbergkreis,49.9762669866805
KS Landau i.d.Pf.,Germersheim,18.247994931010012
KS Landau i.d.Pf.,Kaiserslautern,37.378888282290184
KS Landau i.d.Pf.,Kusel,60.062541506167285
KS Landau i.d.Pf.,Mainz-Bingen,76.74212736793541
KS Landau i.d.Pf.,Mayen-Koblenz,136.9532436638981
KS Landau i.d.Pf.,Neuwied,156.8320737505363
KS Landau i.d.Pf.,Rhein-Hunsruck,100.61538640722313
KS Landau i.d.Pf.,Rhein-Lahn-Kreis,119.26652663938044
KS Landau i.d.Pf.,Rhein-Pfalz-Kreis,31.495186472612545
KS Landau i.d.Pf.,Sudliche Weinstr.,31.35181283609233
KS Landau i.d.Pf.,Sudwestpfalz,35.71685641038425
KS Landau i.d.Pf.,Trier-Saarburg,115.84517775622598
KS Landau i.d.Pf.,Vulkaneifel,148.47417172219644
KS Landau i.d.Pf.,Westerwaldkreis,151.14335858900148
KS Landau i.d.Pf.,KS Frankenthal,40.946492575724
KS Landau i.d.Pf.,KS Kaiserslautern,37.378888282290184
KS Landau i.d.Pf.,KS Koblenz,132.00855759859346
KS Landau i.d.Pf.,KS Ludwigshafen,38.42805854130602
KS Landau i.d.Pf.,KS Mainz,88.62271835128504
KS Landau i.d.Pf.,KS Neustadt a.d.W.,16.82446084825764
KS Landau i.d.Pf.,KS Pirmasens,37.180787598410404
KS Landau i.d.Pf.,KS Speyer,26.84112983056214
KS Landau i.d.Pf.,KS Trier,122.91748460904343
KS Landau i.d.Pf.,KS Worms,51.14727663344136
KS Landau i.d.Pf.,KS Zweibrucken,54.080422462110626
KS Ludwigshafen,Ahrweiler,148.0843616584537
KS Ludwigshafen,Altenkirchen,147.2235358663117
KS Ludwigshafen,Alzey-Worms,37.03793481914016
KS Ludwigshafen,Bad Durkheim,20.318884335110123
KS Ludwigshafen,Bad Kreuznach,56.65108286037997
KS Ludwigshafen,Bernkastel-Wittlich,119.21261079225435
KS Ludwigshafen,Birkenfeld,88.68908026643537
KS Ludwigshafen,Bitburg-Prum,159.6314752167694
KS Ludwigshafen,Cochem-Zell,116.1172816279581
KS Ludwigshafen,Donnersbergkreis,42.27239719740766
KS Ludwigshafen,Germersheim,29.49471556181042
KS Ludwigshafen,Kaiserslautern,50.1278492542196
KS Ludwigshafen,Kusel,70.07739872795963
KS Ludwigshafen,Mainz-Bingen,52.43221489251563
KS Ludwigshafen,Mayen-Koblenz,124.14125291390572
KS Ludwigshafen,Neuwied,138.43134239079367
KS Ludwigshafen,Rhein-Hunsruck,91.07328476318327
KS Ludwigshafen,Rhein-Lahn-Kreis,97.25728062478656
KS Ludwigshafen,Rhein-Pfalz-Kreis,7.979851534472228
KS Ludwigshafen,Sudliche Weinstr.,27.556727673724346
KS Ludwigshafen,Sudwestpfalz,66.22523867360522
KS Ludwigshafen,Trier-Saarburg,128.16254493726453
KS Ludwigshafen,Vulkaneifel,145.0850518745224
KS Ludwigshafen,Westerwaldkreis,126.88227298685472
KS Ludwigshafen,KS Frankenthal,8.837348512671651
KS Ludwigshafen,KS Kaiserslautern,50.1278492542196
KS Ludwigshafen,KS Koblenz,114.032399709339
KS Ludwigshafen,KS Landau i.d.Pf.,38.42805854130602
KS Ludwigshafen,KS Mainz,59.12033088746354
KS Ludwigshafen,KS Neustadt a.d.W.,25.532194399834037
KS Ludwigshafen,KS Pirmasens,68.52833488648518
KS Ludwigshafen,KS Speyer,16.69841604459181
KS Ludwigshafen,KS Trier,134.20185563507115
KS Ludwigshafen,KS Worms,18.71286558907543
KS Ludwigshafen,KS Zweibrucken,81.82055551904374
KS Mainz,Ahrweiler,102.3780184067094
KS Mainz,Altenkirchen,89.4445162384904
KS Mainz,Alzey-Worms,29.33481162622549
KS Mainz,Bad Durkheim,57.27566189715369
KS Mainz,Bad Kreuznach,34.39299586845499
KS Mainz,Bernkastel-Wittlich,95.7403920149592
KS Mainz,Birkenfeld,78.3576862752398
KS Mainz,Bitburg-Prum,134.0857609435761
KS Mainz,Cochem-Zell,78.87073018868976
KS Mainz,Donnersbergkreis,47.691126163140815
KS Mainz,Germersheim,86.99629485073667
KS Mainz,Kaiserslautern,71.74875524437486
KS Mainz,Kusel,75.04833159237768
KS Mainz,Mainz-Bingen,15.986896588489559
KS Mainz,Mayen-Koblenz,77.1661348297016
KS Mainz,Neuwied,83.96938582192429
KS Mainz,Rhein-Hunsruck,55.95507088939809
KS Mainz,Rhein-Lahn-Kreis,41.966503459326134
KS Mainz,Rhein-Pfalz-Kreis,61.38092591479061
KS Mainz,Sudliche Weinstr.,58.708823437807375
KS Mainz,Sudwestpfalz,98.65497386626159
KS Mainz,Trier-Saarburg,117.7367905799087
KS Mainz,Vulkaneifel,108.46458581244819
KS Mainz,Westerwaldkreis,68.505974639799
KS Mainz,KS Frankenthal,51.57246182979971
KS Mainz,KS Kaiserslautern,71.74875524437486
KS Mainz,KS Koblenz,61.69542978569869
KS Mainz,KS Landau i.d.Pf.,88.62271835128504
KS Mainz,KS Ludwigshafen,59.12033088746354
KS Mainz,KS Neustadt a.d.W.,71.7982575833595
KS Mainz,KS Pirmasens,101.30406722551504
KS Mainz,KS Speyer,75.40899330462534
KS Mainz,KS Trier,121.11795385817054
KS Mainz,KS Worms,40.56162449736405
KS Mainz,KS Zweibrucken,105.765773830039
KS Neustadt a.d.W.,Ahrweiler,144.98207568315485
KS Neustadt a.d.W.,Altenkirchen,153.73321643468554
KS Neustadt a.d.W.,Alzey-Worms,43.37598557399715
KS Neustadt a.d.W.,Bad Durkheim,14.530956372994297
KS Neustadt a.d.W.,Bad Kreuznach,55.79953383141929
KS Neustadt a.d.W.,Bernkastel-Wittlich,107.37682876398345
KS Neustadt a.d.W.,Birkenfeld,74.61939374372793
KS Neustadt a.d.W.,Bitburg-Prum,146.5437748800331
KS Neustadt a.d.W.,Cochem-Zell,110.51346834074691
KS Neustadt a.d.W.,Donnersbergkreis,35.31791563121546
KS Neustadt a.d.W.,Germersheim,22.328476005517306
KS Neustadt a.d.W.,Kaiserslautern,30.02260459023774
KS Neustadt a.d.W.,Kusel,52.76457427281464
KS Neustadt a.d.W.,Mainz-Bingen,60.098930244704384
KS Neustadt a.d.W.,Mayen-Koblenz,122.95604748707181
KS Neustadt a.d.W.,Neuwied,141.62510511842652
KS Neustadt a.d.W.,Rhein-Hunsruck,87.1103072069713
KS Neustadt a.d.W.,Rhein-Lahn-Kreis,103.20156964985873
KS Neustadt a.d.W.,Rhein-Pfalz-Kreis,17.631970140645816
KS Neustadt a.d.W.,Sudliche Weinstr.,15.579704624174143
KS Neustadt a.d.W.,Sudwestpfalz,40.90688544323807
KS Neustadt a.d.W.,Trier-Saarburg,110.88938263477841
KS Neustadt a.d.W.,Vulkaneifel,137.42434405801768
KS Neustadt a.d.W.,Westerwaldkreis,134.87241904649326
KS Neustadt a.d.W.,KS Frankenthal,25.59779190648802
KS Neustadt a.d.W.,KS Kaiserslautern,30.02260459023774
KS Neustadt a.d.W.,KS Koblenz,116.75965371692973
KS Neustadt a.d.W.,KS Landau i.d.Pf.,16.82446084825764
KS Neustadt a.d.W.,KS Ludwigshafen,25.532194399834037
KS Neustadt a.d.W.,KS Mainz,71.7982575833595
KS Neustadt a.d.W.,KS Pirmasens,43.13232273559881
KS Neustadt a.d.W.,KS Speyer,21.335358828116163
KS Neustadt a.d.W.,KS Trier,117.54928972171865
KS Neustadt a.d.W.,KS Worms,34.98204817436309
KS Neustadt a.d.W.,KS Zweibrucken,57.31794249387701
KS Pirmasens,Ahrweiler,144.30583807406663
KS Pirmasens,Altenkirchen,168.05262172619632
KS Pirmasens,Alzey-Worms,72.61785334291119
KS Pirmasens,Bad Durkheim,51.92388643401855
KS Pirmasens,Bad Kreuznach,72.74502518797807
KS Pirmasens,Bernkastel-Wittlich,94.18801871335296
KS Pirmasens,Birkenfeld,62.58634704224936
KS Pirmasens,Bitburg-Prum,127.46148230908156
KS Pirmasens,Cochem-Zell,108.65717110301884
KS Pirmasens,Donnersbergkreis,53.85713909469505
KS Pirmasens,Germersheim,55.42081172740401
KS Pirmasens,Kaiserslautern,29.865748713251985
KS Pirmasens,Kusel,40.97535445409371
KS Pirmasens,Mainz-Bingen,86.15783510331605
KS Pirmasens,Mayen-Koblenz,127.29201268323183
KS Pirmasens,Neuwied,151.51399212727964
KS Pirmasens,Rhein-Hunsruck,91.54748474782552
KS Pirmasens,Rhein-Lahn-Kreis,120.47631797615693
KS Pirmasens,Rhein-Pfalz-Kreis,60.554151727538
KS Pirmasens,Sudliche Weinstr.,46.449092349271766
KS Pirmasens,Sudwestpfalz,2.65914461243645
KS Pirmasens,Trier-Saarburg,85.7378158478802
KS Pirmasens,Vulkaneifel,129.25815286412185
KS Pirmasens,Westerwaldkreis,152.5077672981872
KS Pirmasens,KS Frankenthal,66.90716949949139
KS Pirmasens,KS Kaiserslautern,29.865748713251985
KS Pirmasens,KS Koblenz,127.90842652864028
KS Pirmasens,KS Landau i.d.Pf.,37.180787598410404
KS Pirmasens,KS Ludwigshafen,68.52833488648518
KS Pirmasens,KS Mainz,101.30406722551504
KS Pirmasens,KS Neustadt a.d.W.,43.13232273559881
KS Pirmasens,KS Speyer,62.11540410154325
KS Pirmasens,KS Trier,93.18551937488448
KS Pirmasens,KS Worms,73.72379954332668
KS Pirmasens,KS Zweibrucken,17.6522914398846
KS Speyer,Ahrweiler,160.17217248262074
KS Speyer,Altenkirchen,162.63290850514107
KS Speyer,Alzey-Worms,51.21135563852813
KS Speyer,Bad Durkheim,26.468242133310238
KS Speyer,Bad Kreuznach,68.79372725019063
KS Speyer,Bernkastel-Wittlich,126.64785268566455
KS Speyer,Birkenfeld,94.52206622080719
KS Speyer,Bitburg-Prum,166.4118749444015
KS Speyer,Cochem-Zell,126.91036010761928
KS Speyer,Donnersbergkreis,51.07225398667809
KS Speyer,Germersheim,13.251746452072183
KS Speyer,Kaiserslautern,51.139169925922026
KS Speyer,Kusel,73.48697340547328
KS Speyer,Mainz-Bingen,67.48223674063041
KS Speyer,Mayen-Koblenz,136.92421489291445
KS Speyer,Neuwied,152.8587095973995
KS Speyer,Rhein-Hunsruck,102.43289770058516
KS Speyer,Rhein-Lahn-Kreis,112.3155959046314
KS Speyer,Rhein-Pfalz-Kreis,14.859655060743533
KS Speyer,Sudliche Weinstr.,32.211941936490135
KS Speyer,Sudwestpfalz,60.19802758148028
KS Speyer,Trier-Saarburg,131.85889979095532
KS Speyer,Vulkaneifel,154.9885815134365
KS Speyer,Westerwaldkreis,142.591839308333
KS Speyer,KS Frankenthal,23.90130829384288
KS Speyer,KS Kaiserslautern,51.139169925922026
KS Speyer,KS Koblenz,128.19961598275592
KS Speyer,KS Landau i.d.Pf.,26.84112983056214
KS Speyer,KS Ludwigshafen,16.69841604459181
KS Speyer,KS Mainz,75.40899330462534
KS Speyer,KS Neustadt a.d.W.,21.335358828116163
KS Speyer,KS Pirmasens,62.11540410154325
KS Speyer,KS Trier,138.39654430560455
KS Speyer,KS Worms,34.84900999817023
KS Speyer,KS Zweibrucken,77.62173422385096
KS Trier,Ahrweiler,81.4232194442308
KS Trier,Altenkirchen,130.44226699574915
KS Trier,Alzey-Worms,108.81910423002793
KS Trier,Bad Durkheim,114.27370925135378
KS Trier,Bad Kreuznach,89.73059476531273
KS Trier,Bernkastel-Wittlich,29.968082859113835
KS Trier,Birkenfeld,46.257363485391146
KS Trier,Bitburg-Prum,36.24281616870783
KS Trier,Cochem-Zell,59.13849207331581
KS Trier,Donnersbergkreis,93.1555408537029
KS Trier,Germersheim,138.51676341881895
KS Trier,Kaiserslautern,87.56829880376512
KS Trier,Kusel,64.91204602884112
KS Trier,Mainz-Bingen,107.79147714501285
KS Trier,Mayen-Koblenz,81.2715575960011
KS Trier,Neuwied,108.66121234710066
KS Trier,Rhein-Hunsruck,68.71456946690896
KS Trier,Rhein-Lahn-Kreis,105.44393374212237
KS Trier,Rhein-Pfalz-Kreis,128.034679387054
KS Trier,Sudliche Weinstr.,107.29892442919488
KS Trier,Sudwestpfalz,92.84485568435005
KS Trier,Trier-Saarburg,7.510110003144791
KS Trier,Vulkaneifel,55.84862762326771
KS Trier,Westerwaldkreis,126.37113645070613
KS Trier,KS Frankenthal,127.1058609160949
KS Trier,KS Kaiserslautern,87.56829880376512
KS Trier,KS Koblenz,96.33338906239518
KS Trier,KS Landau i.d.Pf.,122.91748460904343
KS Trier,KS Ludwigshafen,134.20185563507115
KS Trier,KS Mainz,121.11795385817054
KS Trier,KS Neustadt a.d.W.,117.54928972171865
KS Trier,KS Pirmasens,93.18551937488448
KS Trier,KS Speyer,138.39654430560455
KS Trier,KS Worms,125.41190240592553
KS Trier,KS Zweibrucken,77.23736186851323
KS Worms,Ahrweiler,131.41419369174045
KS Worms,Altenkirchen,128.5483913696084
KS Worms,Alzey-Worms,20.040556339328184
KS Worms,Bad Durkheim,22.08283036469219
KS Worms,Bad Kreuznach,41.162290307109274
KS Worms,Bernkastel-Wittlich,107.22564087834725
KS Worms,Birkenfeld,79.16674662248009
KS Worms,Bitburg-Prum,147.8373326436516
KS Worms,Cochem-Zell,100.80243311746538
KS Worms,Donnersbergkreis,32.50331190406559
KS Worms,Germersheim,46.71158510930596
KS Worms,Kaiserslautern,48.9426624652859
KS Worms,Kusel,64.23303936587205
KS Worms,Mainz-Bingen,34.06766547132203
KS Worms,Mayen-Koblenz,107.01858328505946
KS Worms,Neuwied,120.14811680969476
KS Worms,Rhein-Hunsruck,75.52754279097104
KS Worms,Rhein-Lahn-Kreis,78.72565534524054
KS Worms,Rhein-Pfalz-Kreis,21.18136463794171
KS Worms,Sudliche Weinstr.,27.37349076055307
KS Worms,Sudwestpfalz,71.15735265837512
KS Worms,Trier-Saarburg,120.01082608939565
KS Worms,Vulkaneifel,130.35822786884188
KS Worms,Westerwaldkreis,108.17051742698548
KS Worms,KS Frankenthal,11.12211526225472
KS Worms,KS Kaiserslautern,48.9426624652859
KS Worms,KS Koblenz,95.94833261979018
KS Worms,KS Landau i.d.Pf.,51.14727663344136
KS Worms,KS Ludwigshafen,18.71286558907543
KS Worms,KS Mainz,40.56162449736405
KS Worms,KS Neustadt a.d.W.,34.98204817436309
KS Worms,KS Pirmasens,73.72379954332668
KS Worms,KS Speyer,34.84900999817023
KS Worms,KS Trier,125.41190240592553
KS Worms,KS Zweibrucken,83.8772656883199
KS Zweibrucken,Ahrweiler,134.86752566375407
KS Zweibrucken,Altenkirchen,163.90855325220355
KS Zweibrucken,Alzey-Worms,78.76096710138094
KS Zweibrucken,Bad Durkheim,63.280752406624885
KS Zweibrucken,Bad Kreuznach,73.96490771220408
KS Zweibrucken,Bernkastel-Wittlich,81.77112227188402
KS Zweibrucken,Birkenfeld,52.77278043259419
KS Zweibrucken,Bitburg-Prum,112.37293030993781
KS Zweibrucken,Cochem-Zell,99.83679161969641
KS Zweibrucken,Donnersbergkreis,58.43662060841749
KS Zweibrucken,Germersheim,72.17529776405338
KS Zweibrucken,Kaiserslautern,35.455144631091606
KS Zweibrucken,Kusel,35.389672286016896
KS Zweibrucken,Mainz-Bingen,89.94823009773157
KS Zweibrucken,Mayen-Koblenz,120.17694518426372
KS Zweibrucken,Neuwied,145.92173152577595
KS Zweibrucken,Rhein-Hunsruck,86.07850674694413
KS Zweibrucken,Rhein-Lahn-Kreis,118.81481242782418
KS Zweibrucken,Rhein-Pfalz-Kreis,73.90410429786377
KS Zweibrucken,Sudliche Weinstr.,56.7784483331137
KS Zweibrucken,Sudwestpfalz,18.50990301568782
KS Zweibrucken,Trier-Saarburg,69.73219838579651
KS Zweibrucken,Vulkaneifel,117.52515367874405
KS Zweibrucken,Westerwaldkreis,150.06851845249548
KS Zweibrucken,KS Frankenthal,78.77042135265411
KS Zweibrucken,KS Kaiserslautern,35.455144631091606
KS Zweibrucken,KS Koblenz,123.46294676503163
KS Zweibrucken,KS Landau i.d.Pf.,54.080422462110626
KS Zweibrucken,KS Ludwigshafen,81.82055551904374
KS Zweibrucken,KS Mainz,105.765773830039
KS Zweibrucken,KS Neustadt a.d.W.,57.31794249387701
KS Zweibrucken,KS Pirmasens,17.6522914398846
KS Zweibrucken,KS Speyer,77.62173422385096
KS Zweibrucken,KS Trier,77.23736186851323
KS Zweibrucken,KS Worms,83.8772656883199
